dataset,column,count,mean,std,min,5%,25%,50%,75%,95%,max,skew
historical_2015_2024,player_season_uid,20793.0,42363.98105131535,72196.71448401904,0.0,258.0,1914.0,21507.0,39121.0,195993.0,474789.0,3.0084841608383597
historical_2015_2024,season,20793.0,2019.542394074929,3.01617162106819,2015.0,2015.0,2017.0,2020.0,2022.0,2024.0,2024.0,-0.03481919147754394
historical_2015_2024,league_id,20793.0,93.02553744048478,40.33247946207176,39.0,39.0,61.0,78.0,135.0,140.0,140.0,0.011865623133254928
historical_2015_2024,api_player_id,20793.0,42363.98105131535,72196.71448401904,0.0,258.0,1914.0,21507.0,39121.0,195993.0,474789.0,3.0084841608383597
historical_2015_2024,api_team_id,20793.0,308.7067763189535,254.85348841763724,33.0,40.0,84.0,172.0,505.0,724.0,1579.0,1.0232010436091905
historical_2015_2024,target_market_value_eur,20793.0,10048632.953397779,15424294.408467175,25000.0,400000.0,1500000.0,4000000.0,12000000.0,40000000.0,200000000.0,3.7126712156239385
historical_2015_2024,target_market_value_log,20793.0,15.264899026618162,1.380148838057876,10.12667110305036,12.899222326086994,14.220976332738882,15.201805169084134,16.300417291085605,17.50439003707821,19.11382792951231,-0.10392036554460479
historical_2015_2024,last_market_value_eur,20793.0,9409924.974751119,14265453.456473883,25000.0,300000.0,1500000.0,4000000.0,11000000.0,38000000.0,180000000.0,3.573397116531439
historical_2015_2024,last_market_value_log,20793.0,15.17604711427798,1.437742272774794,10.12667110305036,12.611541086966117,14.220976332738882,15.201805169084134,16.213405921671733,17.453096744006448,19.00846741441004,-0.280477118376332
historical_2015_2024,has_last_market_value,20793.0,1.0,0.0,1.0,1.0,1.0,1.0,1.0,1.0,1.0,0.0
historical_2015_2024,api_league_id,20793.0,93.02553744048478,40.33247946207176,39.0,39.0,61.0,78.0,135.0,140.0,140.0,0.011865623133254928
historical_2015_2024,api_season,20793.0,2019.542394074929,3.01617162106819,2015.0,2015.0,2017.0,2020.0,2022.0,2024.0,2024.0,-0.03481919147754394
historical_2015_2024,api_squad_rows,20793.0,22.931323041408167,11.03685353187875,1.0,2.0,14.0,25.0,33.0,37.0,40.0,-0.46368425842787403
historical_2015_2024,api_appearances,20793.0,19.962006444476508,11.19601747435355,1.0,1.0,10.0,21.0,30.0,36.0,39.0,-0.20108092496566926
historical_2015_2024,api_starts,20793.0,16.149425287356323,11.274907734543952,0.0,0.0,6.0,15.0,26.0,34.0,38.0,0.1672503862592658
historical_2015_2024,api_sub_appearances,20793.0,3.8125811571201846,4.430356673278933,0.0,0.0,1.0,2.0,6.0,13.0,30.0,1.7143602545484922
historical_2015_2024,api_minutes,20793.0,1366.9659019862454,974.3202315276469,1.0,35.0,470.0,1276.0,2168.0,3015.0,3438.0,0.26681637370010475
historical_2015_2024,api_avg_rating,20793.0,6.856221516856634,0.2832268655560568,3.0,6.4126,6.691,6.854,7.015,7.303,8.844,-0.3121751541752653
historical_2015_2024,api_offsides,20793.0,1.5149329101139806,3.794041199192764,0.0,0.0,0.0,0.0,1.0,9.0,57.0,4.424126148470591
historical_2015_2024,api_shots_total,20793.0,15.316500745443179,19.701685499799375,0.0,0.0,2.0,9.0,21.0,55.0,227.0,2.5168266266177817
historical_2015_2024,api_shots_on,20793.0,6.115808204684269,8.89786196613802,0.0,0.0,0.0,3.0,8.0,24.0,98.0,2.7265322197649384
historical_2015_2024,api_goals_total,20793.0,1.9035252248352812,3.473297742853987,0.0,0.0,0.0,1.0,2.0,9.0,41.0,3.545161385122925
historical_2015_2024,api_goals_conceded,20793.0,1.9501755398451401,8.690087530622723,0.0,0.0,0.0,0.0,0.0,12.0,91.0,5.059143436070868
historical_2015_2024,api_goals_assists,20793.0,1.3362670129370462,2.0783381045709364,0.0,0.0,0.0,0.0,2.0,6.0,20.0,2.429789074605039
historical_2015_2024,api_goals_saves,20793.0,4.146972538835185,18.621897072870933,0.0,0.0,0.0,0.0,0.0,21.0,162.0,5.014167963008766
historical_2015_2024,api_passes_total,20793.0,555.427740104843,502.2710917421213,0.0,11.600000000000136,152.0,430.0,830.0,1552.3999999999978,3630.0,1.2247450770714168
historical_2015_2024,api_passes_key,20793.0,13.21343721444717,15.998597304150735,0.0,0.0,2.0,7.0,19.0,46.0,147.0,2.0091123704258855
historical_2015_2024,api_tackles_total,20793.0,15.994757851199923,20.067964106228647,0.0,0.0,0.0,8.0,26.0,57.0,175.0,1.6326516077016868
historical_2015_2024,api_tackles_blocks,20793.0,3.237387582359448,5.876495392656833,0.0,0.0,0.0,1.0,4.0,15.399999999997817,78.0,3.0391765677163525
historical_2015_2024,api_tackles_interceptions,20793.0,15.799355552349349,18.348459691101993,0.0,0.0,2.0,9.0,24.0,54.0,156.0,1.7606445977030638
historical_2015_2024,api_duels_total,20793.0,140.5759149713846,122.1480177749734,0.0,1.0,31.0,119.0,220.0,364.0,941.0,0.9060382881408572
historical_2015_2024,api_duels_won,20793.0,70.26734958880392,61.782772248360295,0.0,0.0,15.0,58.0,110.0,186.0,462.0,0.9133301332451864
historical_2015_2024,api_dribbles_attempts,20793.0,22.211369210792093,28.423870456222676,0.0,0.0,3.0,12.0,31.0,81.0,276.0,2.33925952756226
historical_2015_2024,api_dribbles_success,20793.0,12.151685663444429,15.837243303762103,0.0,0.0,1.0,7.0,17.0,44.0,185.0,2.5895302393796427
historical_2015_2024,api_dribbles_past,20793.0,12.102294041263887,12.45259850518249,0.0,0.0,2.0,9.0,18.0,37.0,108.0,1.5979395517129067
historical_2015_2024,api_fouls_drawn,20793.0,16.436781609195403,16.852286916851384,0.0,0.0,3.0,12.0,24.0,50.0,199.0,1.696353905021233
historical_2015_2024,api_fouls_committed,20793.0,17.247246669552254,15.267626490862234,0.0,0.0,4.0,14.0,26.0,46.0,121.0,1.0246309823585262
historical_2015_2024,api_cards_yellow,20793.0,2.861636127542923,2.8219659939371895,0.0,0.0,1.0,2.0,4.0,9.0,17.0,1.1788630453710505
historical_2015_2024,api_cards_red,20793.0,0.13509354109556101,0.3810842353769015,0.0,0.0,0.0,0.0,0.0,1.0,5.0,3.0488763368014475
historical_2015_2024,api_penalty_won,20793.0,0.16875871687587168,0.5029169273984693,0.0,0.0,0.0,0.0,0.0,1.0,8.0,4.100833950024712
historical_2015_2024,api_penalty_commited,20793.0,0.20396287212042513,0.5001920302337235,0.0,0.0,0.0,0.0,0.0,1.0,5.0,2.811009186173667
historical_2015_2024,api_penalty_scored,20793.0,0.17332756216034242,0.7545337976063039,0.0,0.0,0.0,0.0,0.0,1.0,14.0,6.347974745166759
historical_2015_2024,api_penalty_missed,20793.0,0.048381666907132206,0.2520909140151297,0.0,0.0,0.0,0.0,0.0,0.0,4.0,6.346734896922739
historical_2015_2024,api_penalty_saved,20793.0,0.03284759293993171,0.23767878125724262,0.0,0.0,0.0,0.0,0.0,0.0,4.0,9.036673148029596
historical_2015_2024,api_goals_total_per90,20793.0,0.11692324339922089,0.29641434253651366,0.0,0.0,0.0,0.03,0.159,0.486,30.0,51.55568560410223
historical_2015_2024,api_goals_assists_per90,20793.0,0.08473938344635214,0.19440162514329448,0.0,0.0,0.0,0.0,0.123,0.311,10.0,17.155376900991573
historical_2015_2024,api_shots_total_per90,20793.0,1.0855600442456597,2.0132698658825063,0.0,0.0,0.267,0.711,1.587,3.0477999999999956,180.0,44.23938046498
historical_2015_2024,api_shots_on_per90,20793.0,0.42045645169047274,0.928615424706865,0.0,0.0,0.0,0.216,0.624,1.3523999999999978,90.0,48.82220991321573
historical_2015_2024,api_passes_key_per90,20793.0,0.8877173568027702,1.4490099575751971,0.0,0.0,0.202,0.721,1.269,2.316,90.0,36.19278635663444
historical_2015_2024,api_tackles_total_per90,20793.0,1.1428015197422208,2.2244340554527793,0.0,0.0,0.0,0.938,1.755,3.012,180.0,37.614699676206264
historical_2015_2024,api_duels_won_per90,20793.0,4.984130236137161,4.956664220196065,0.0,0.0,3.513,4.86,6.186,9.0,270.0,19.57943046356598
historical_2015_2024,api_cards_yellow_per90,20793.0,0.2393188573077478,1.4632393588592192,0.0,0.0,0.034,0.157,0.282,0.5703999999999978,90.0,56.07515584791025
historical_2015_2024,api_cards_red_per90,20793.0,0.013983407877651132,0.20852214408697822,0.0,0.0,0.0,0.0,0.0,0.061,18.0,61.12901019563761
historical_2015_2024,api_height,20793.0,182.61164815081997,6.562032184604028,160.0,171.0,178.0,183.0,187.0,193.0,203.0,-0.12530371115307082
historical_2015_2024,api_weight,20793.0,76.55499446929255,7.116714294272641,50.0,65.0,72.0,76.0,81.0,89.0,101.0,0.15518765380105765
historical_2015_2024,understat_season,20793.0,1974.7818015678354,304.6333337278872,1516.0,1516.0,1718.0,2021.0,2223.0,2425.0,2425.0,-0.03481919147759985
historical_2015_2024,understat_league_id,20793.0,2.9188669263694513,1.3853540604051702,1.0,1.0,2.0,3.0,4.0,5.0,5.0,0.1343211281279818
historical_2015_2024,understat_season_id,20793.0,2019.542394074929,3.01617162106819,2015.0,2015.0,2017.0,2020.0,2022.0,2024.0,2024.0,-0.03481919147754394
historical_2015_2024,understat_team_id,20793.0,141.83532919732602,51.105116987059574,71.0,78.0,104.0,132.0,166.0,245.0,288.0,0.9309372263675825
historical_2015_2024,understat_player_id,20793.0,4575.182609532054,3634.658762592462,1.0,242.60000000000014,1352.0,3521.0,7322.0,11295.0,13649.0,0.5573964500576306
historical_2015_2024,understat_matches,20793.0,20.605396046746502,10.972628671457658,1.0,2.0,12.0,22.0,30.0,36.0,39.0,-0.2884745074170425
historical_2015_2024,understat_minutes,20793.0,1403.9727793007262,969.5894220218704,1.0,36.0,530.0,1346.0,2204.0,3031.399999999998,3504.0,0.2175031632743798
historical_2015_2024,understat_goals,20793.0,1.9633049583994613,3.5114212161812772,0.0,0.0,0.0,1.0,2.0,9.0,41.0,3.475858298213797
historical_2015_2024,understat_xg,20793.0,2.061082285406024,3.3101009849620304,0.0,0.0,0.1329247010871768,0.8404327025637031,2.489345548674464,8.548546108230937,37.92406944185496,3.394685006841332
historical_2015_2024,understat_np_goals,20793.0,1.7840619439234358,3.1011115661579742,0.0,0.0,0.0,1.0,2.0,8.0,37.0,3.278378386566778
historical_2015_2024,understat_np_xg,20793.0,1.8877315900825289,2.9125536346006564,0.0,0.0,0.1323958542197942,0.8182645915076137,2.3463018126785755,7.634352199546982,34.13518474251032,3.2188049503415184
historical_2015_2024,understat_assists,20793.0,1.3779156446881162,2.098208469952446,0.0,0.0,0.0,1.0,2.0,6.0,20.0,2.3893953406744974
historical_2015_2024,understat_xa,20793.0,1.4538884097306692,1.9189719159576577,0.0,0.0,0.1030394025146961,0.7358659468591213,2.04548772983253,5.419838165864348,18.07445976138115,2.3163756293052065
historical_2015_2024,understat_shots,20793.0,18.178473524743904,21.958652298603255,0.0,0.0,3.0,11.0,25.0,63.0,227.0,2.178829281445642
historical_2015_2024,understat_key_passes,20793.0,13.466070312124273,15.855452040168885,0.0,0.0,2.0,8.0,20.0,46.0,146.0,1.9379963661219004
historical_2015_2024,understat_yellow_cards,20793.0,2.8130620882027606,2.6978142679933512,0.0,0.0,1.0,2.0,4.0,8.0,18.0,1.130786680484384
historical_2015_2024,understat_red_cards,20793.0,0.13759438272495553,0.3844654743821807,0.0,0.0,0.0,0.0,0.0,1.0,5.0,3.0285825310165424
historical_2015_2024,understat_xg_chain,20793.0,5.600856587001307,5.581997489991042,0.0,0.0405709199607372,1.4301361963152883,4.037138158455491,8.017597679048777,16.83132955655455,52.40942087769509,1.730144499914064
historical_2015_2024,understat_xg_buildup,20793.0,3.3297732953364787,3.4045570295169996,0.0,0.0,0.7968364469707012,2.3926545549184084,4.7740294598042965,10.101803394779559,28.058832820504904,1.8006582135064422
historical_2015_2024,transfermarkt_age_at_season,20793.0,25.630067811282643,4.305870354262171,16.0,19.0,22.0,25.0,29.0,33.0,42.0,0.3064831164736568
historical_2015_2024,matched_last_transfermarkt,20793.0,1.0,0.0,1.0,1.0,1.0,1.0,1.0,1.0,1.0,0.0
historical_2015_2024,matched_understat,20793.0,1.0,0.0,1.0,1.0,1.0,1.0,1.0,1.0,1.0,0.0
historical_2015_2024,matched_transfermarkt,20793.0,1.0,0.0,1.0,1.0,1.0,1.0,1.0,1.0,1.0,0.0
historical_2015_2024,player_season_duplicate_n,20793.0,0.0,0.0,0.0,0.0,0.0,0.0,0.0,0.0,0.0,0.0
historical_2015_2024,player_age,20793.0,25.630067811282643,4.305870354262171,16.0,19.0,22.0,25.0,29.0,33.0,42.0,0.3064831164736568
historical_2015_2024,player_age_sq,20793.0,675.4400038474487,227.55844876663855,256.0,361.0,484.0,625.0,841.0,1089.0,1764.0,0.6912445304896488
historical_2015_2024,age_peak_gap,20793.0,-1.3699321887173568,4.305870354262171,-11.0,-8.0,-5.0,-2.0,2.0,6.0,15.0,0.3064831164736568
historical_2015_2024,is_u21,20793.0,0.18602414274034532,0.3891355080513873,0.0,0.0,0.0,0.0,0.0,1.0,1.0,1.6138648559056354
historical_2015_2024,is_u23,20793.0,0.3402106478141682,0.4737912607683092,0.0,0.0,0.0,0.0,1.0,1.0,1.0,0.6745786021396637
historical_2015_2024,is_over30,20793.0,0.19650844034049922,0.3973669175204495,0.0,0.0,0.0,0.0,0.0,1.0,1.0,1.527659907203315
historical_2015_2024,player_height_cm,20793.0,182.61164815081997,6.562032184604028,160.0,171.0,178.0,183.0,187.0,193.0,203.0,-0.12530371115307082
historical_2015_2024,player_weight_kg,20793.0,76.55499446929255,7.116714294272641,50.0,65.0,72.0,76.0,81.0,89.0,101.0,0.15518765380105765
historical_2015_2024,player_bmi,20793.0,22.927613981308074,1.3543319925677868,17.181669306558565,20.679012345679013,22.03840115928028,22.955684331345708,23.78121284185493,25.103967881126895,29.761904761904766,0.03324124996729005
historical_2015_2024,api_avg_rating_missing,20793.0,0.008223921512047323,0.09031434496883038,0.0,0.0,0.0,0.0,0.0,0.0,1.0,10.891368038782788
historical_2015_2024,log_minutes,20793.0,6.682760813701453,1.403760872514587,0.6931471805599453,3.58351893845611,6.154858094016418,7.152268856032539,7.682021510826875,8.011686729127847,8.142936010432265,-1.6525754483917214
historical_2015_2024,minutes_share_3420,20793.0,0.39969660561091885,0.28488678819672675,0.0002923976608187,0.0102339181286549,0.1374269005847953,0.3730994152046784,0.6339181286549708,0.881578947368421,1.0,0.26678504162064415
historical_2015_2024,minutes_per_appearance,20793.0,61.55770147454968,23.84304526075066,1.0,14.0,45.28,67.34210526315789,81.96,90.0,100.0,-0.7006891715299824
historical_2015_2024,start_rate,20793.0,0.7382289256687687,0.2937608690798974,0.0,0.0,0.6,0.8461538461538461,0.9714285714285714,1.0,1.0,-1.2141725459227857
historical_2015_2024,minutes_per_start,20793.0,80.66938816790962,34.024995353865144,0.0,0.0,74.84,85.66666666666667,90.0,116.5,606.0,1.614726379629523
historical_2015_2024,sub_appearance_rate,20793.0,0.2617710743312312,0.2937608690798974,0.0,0.0,0.0285714285714285,0.1538461538461538,0.4,1.0,1.0,1.2141725459227866
historical_2015_2024,understat_goals_per90,20793.0,0.12220890572534024,0.4024497195839168,0.0,0.0,0.0,0.0337457817772778,0.162748643761302,0.4881306561438002,45.0,70.54246880716282
historical_2015_2024,understat_xg_per90,20793.0,0.14639982287607273,0.47768942153448385,0.0,0.0,0.0167109403161815,0.0650846706184531,0.1891082889339741,0.49584351823283584,55.53440809249878,78.73808226102533
historical_2015_2024,understat_np_goals_per90,20793.0,0.11349559600464028,0.3970455770035025,0.0,0.0,0.0,0.0314355571079287,0.1523358158429248,0.4466501240694789,45.0,73.47903554202775
historical_2015_2024,understat_np_xg_per90,20793.0,0.13767288595027866,0.47338826669678946,0.0,0.0,0.0165242730364413,0.0628055987948715,0.176787795050137,0.4596858757898441,55.53440809249878,80.934096724186
historical_2015_2024,understat_assists_per90,20793.0,0.08878686785240705,0.3122744253872643,0.0,0.0,0.0,0.0297914597815292,0.1250578971746178,0.31299682498542064,30.0,55.13069618962772
historical_2015_2024,understat_xa_per90,20793.0,0.1003367396481342,0.3737215810780904,0.0,0.0,0.0121583503422192,0.0615181067215905,0.1355395230458414,0.28596203739319315,42.80526101589203,78.65572331816949
historical_2015_2024,understat_shots_per90,20793.0,1.3602703966810283,3.1630798047277073,0.0,0.0,0.3452685421994885,0.8677685950413223,1.9003789929615595,3.4593079018919353,180.0,28.7741849238813
historical_2015_2024,understat_key_passes_per90,20793.0,0.9473137515724439,2.364852145201746,0.0,0.0,0.2101821578701541,0.7306273062730627,1.275992438563327,2.3157567340352467,90.0,28.321336780463962
historical_2015_2024,understat_xg_chain_per90,20793.0,0.3852516599299061,0.9055767042892222,0.0,0.0286309056717862,0.1716935049686656,0.3104037466623064,0.4885120970717112,0.8684776835570667,105.66720128059389,80.92938804780384
historical_2015_2024,understat_xg_buildup_per90,20793.0,0.22199263211520234,0.8352277058142332,0.0,0.0,0.0963928831103993,0.1700361918371457,0.2717808894275113,0.525568132635058,105.66720128059389,101.99712422171064
historical_2015_2024,shot_on_target_rate,20793.0,0.3057244908964574,0.24634825808289373,0.0,0.0,0.0,0.3333333333333333,0.4736842105263157,0.6842105263157895,1.0,0.48299605060214507
historical_2015_2024,goal_conversion_rate,20793.0,0.08475032636430517,0.12366988644022125,0.0,0.0,0.0,0.032258064516129,0.1428571428571428,0.2916666666666667,1.0,2.9106341485818907
historical_2015_2024,dribble_success_rate,20793.0,0.4946472421139576,0.291232208466593,0.0,0.0,0.3529411764705882,0.5151515151515151,0.6666666666666666,1.0,1.0,-0.26446254191113067
historical_2015_2024,duel_win_rate,20793.0,0.49149319016523907,0.18241684040097172,0.0,0.0,0.4193548387096774,0.5,0.5722543352601156,0.8,1.0,-0.3181600226271648
historical_2015_2024,goals_minus_xg,20793.0,-0.0977773270065628,1.2165343202744165,-11.143249057233334,-1.9134285103529691,-0.5444289976730943,-0.0604061996564269,0.2067978978157043,1.8999136568978416,10.114825829863548,0.44477159205547545
historical_2015_2024,np_goals_minus_np_xg,20793.0,-0.10366964615909302,1.1987398396658793,-11.112291682511568,-1.8806967873126266,-0.5458203721791506,-0.0640415996313095,0.1908888146281238,1.8527735728770487,9.719112798571588,0.4257532354329835
historical_2015_2024,assists_minus_xa,20793.0,-0.07597276504255301,1.0184543498981602,-9.266709440387784,-1.7011151630431414,-0.4752704845741391,-0.0439835004508495,0.242409510537982,1.6168130718171596,6.97500766068697,0.2521227387807001
historical_2015_2024,xg_xa_per90,20793.0,0.24673656252420695,0.78368966610115,0.0,0.0,0.0524761129879573,0.1464924836510661,0.3448102822044705,0.7034607003523589,98.3396691083908,96.11892698967452
historical_2015_2024,np_xg_xa_per90,20793.0,0.2380096255984129,0.7803610795689262,0.0,0.0,0.0521818845236039,0.1434183392244883,0.3313605992886749,0.6669164210957388,98.3396691083908,97.37924793327767
historical_2015_2024,goals_assists_per90,20793.0,0.20166262684557304,0.3714007911006784,0.0,0.0,0.0,0.101,0.296,0.7010000000000001,30.0,28.57288972409032
historical_2015_2024,cards_per90,20793.0,0.2812727525793056,1.6020104369865438,0.0,0.0,0.04,0.1700251889168765,0.3180212014134275,0.6847580629596013,90.0,46.51618187387006
historical_2015_2024,api_minutes_pos_season_pct,20793.0,0.5009618621651516,0.2886647369000689,0.0011350737797956,0.0520716685330347,0.2508792497069168,0.5011135857461024,0.7510176390773405,0.9514991146303163,1.0,0.000252459556806782
historical_2015_2024,api_avg_rating_pos_season_pct,20793.0,0.5009618621651517,0.28867921995460627,0.0010905125408942,0.05068315353160365,0.2508771929824561,0.5006605019815059,0.7508792497069168,0.9508970900533775,1.0,2.826230065706438e-05
historical_2015_2024,goals_assists_per90_pos_season_pct,20793.0,0.5009618621651517,0.2735872029112781,0.0995670995670995,0.1245614035087719,0.2130257801899593,0.4888888888888889,0.7326923076923076,0.9498762376237624,1.0,0.14130336633212212
historical_2015_2024,xg_xa_per90_pos_season_pct,20793.0,0.5009618621651516,0.2847712638706821,0.0158264947245017,0.04628352916637697,0.2722772277227723,0.4840132304299889,0.7508792497069168,0.951050477650319,1.0,0.04386620895103012
historical_2015_2024,np_xg_xa_per90_pos_season_pct,20793.0,0.5009618621651517,0.2847712638706821,0.0158264947245017,0.04628352916637697,0.2722419928825623,0.4840132304299889,0.7508896797153025,0.9509570522644527,1.0,0.043866188453321214
historical_2015_2024,understat_xg_chain_per90_pos_season_pct,20793.0,0.5009618621651517,0.28866481517751774,0.0087924970691676,0.051516195981958564,0.2508771929824561,0.501010101010101,0.7509113001215066,0.9509570522644527,1.0,0.000566348448480756
historical_2015_2024,understat_xg_buildup_per90_pos_season_pct,20793.0,0.5009618621651517,0.288644744238118,0.0109739368998628,0.0476618705035971,0.2508792497069168,0.5010822510822511,0.7509113001215066,0.951050477650319,1.0,0.0012301862170880113
historical_2015_2024,api_tackles_total_per90_pos_season_pct,20793.0,0.5009618621651517,0.2670903485681195,0.0191815856777493,0.0719696969696969,0.3446782178217821,0.4225978647686833,0.732685297691373,0.9508080870405788,1.0,0.18795066310986597
historical_2015_2024,api_duels_won_per90_pos_season_pct,20793.0,0.5009618621651517,0.2879204996887211,0.005427408412483,0.05789234721309512,0.2428057553956834,0.5006393861892583,0.7510094212651414,0.9506615237858236,1.0,0.01551172245402459
historical_2015_2024,api_passes_key_per90_pos_season_pct,20793.0,0.5009618621651517,0.28431372167050517,0.0322391559202813,0.0559071729957805,0.2722908093278464,0.4828282828282828,0.7508771929824561,0.9511687255601058,1.0,0.05042786775688683
historical_2015_2024,shot_on_target_rate_pos_season_pct,20793.0,0.5009618621651517,0.27541754724954864,0.05456570155902,0.0844671201814059,0.2583518930957684,0.5,0.7316017316017316,0.9470782800441014,1.0,0.04777877280355636
historical_2015_2024,duel_win_rate_pos_season_pct,20793.0,0.5009618621651517,0.2877875986553772,0.005427408412483,0.05815065984801911,0.2424242424242424,0.5005599104143337,0.7514188422247446,0.9470131301994585,1.0,0.012176402022768398
prediction_2025,player_season_uid,2184.0,127528.6021062271,142733.26174879473,5.0,497.15,15870.75,47049.0,264743.0,403554.0,522609.0,0.8760249167490067
prediction_2025,season,2184.0,2025.0,0.0,2025.0,2025.0,2025.0,2025.0,2025.0,2025.0,2025.0,0.0
prediction_2025,league_id,2184.0,91.70741758241758,40.893647969668095,39.0,39.0,61.0,78.0,135.0,140.0,140.0,0.05598091655186417
prediction_2025,api_player_id,2184.0,127528.6021062271,142733.26174879473,5.0,497.15,15870.75,47049.0,264743.0,403554.0,522609.0,0.8760249167490067
prediction_2025,api_team_id,2184.0,306.6007326007326,249.10478273216722,33.0,39.0,83.0,172.0,523.0,797.0,895.0,0.5395933987109057
prediction_2025,target_market_value_eur,0.0,,,,,,,,,,
prediction_2025,target_market_value_log,0.0,,,,,,,,,,
prediction_2025,last_market_value_eur,2184.0,12983688.186813187,18544180.550235488,50000.0,500000.0,2500000.0,6000000.0,16000000.0,45000000.0,200000000.0,3.777326703385332
prediction_2025,last_market_value_log,2184.0,15.60503656116609,1.3497829108653097,10.819798284210286,13.122365377402328,14.731801689838347,15.607270193858982,16.588099342704055,17.622173069956816,19.11382792951231,-0.3535087637511409
prediction_2025,has_last_market_value,2184.0,1.0,0.0,1.0,1.0,1.0,1.0,1.0,1.0,1.0,0.0
prediction_2025,api_league_id,2184.0,91.70741758241758,40.893647969668095,39.0,39.0,61.0,78.0,135.0,140.0,140.0,0.05598091655186417
prediction_2025,api_season,2184.0,2025.0,0.0,2025.0,2025.0,2025.0,2025.0,2025.0,2025.0,2025.0,0.0
prediction_2025,api_squad_rows,2184.0,23.109432234432234,8.479849891928149,1.0,6.0,18.0,26.0,30.0,33.0,34.0,-0.8868309686098184
prediction_2025,api_appearances,2184.0,18.500915750915752,9.399320600210041,1.0,2.0,10.0,20.0,27.0,31.0,34.0,-0.34153240738909374
prediction_2025,api_starts,2184.0,13.347985347985349,9.688731669472881,0.0,0.0,5.0,12.0,21.0,30.0,34.0,0.26194185684625293
prediction_2025,api_sub_appearances,2184.0,5.152930402930403,4.674612540398387,0.0,0.0,1.0,4.0,8.0,14.0,22.0,0.962789992733313
prediction_2025,api_minutes,2184.0,1201.8040293040292,826.1180760890718,1.0,55.0,479.75,1117.0,1863.0,2617.85,3060.0,0.2754577241855413
prediction_2025,api_avg_rating,2184.0,6.802852106227106,0.2872352286989381,5.123,6.3721499999999995,6.62075,6.7995,6.963,7.26,9.6,0.43690512611153187
prediction_2025,api_offsides,2184.0,1.965201465201465,3.4494819803594043,0.0,0.0,0.0,1.0,2.0,9.0,38.0,3.391327202293475
prediction_2025,api_shots_total,2184.0,10.99587912087912,12.742758857631685,0.0,0.0,2.0,7.0,15.0,37.0,95.0,2.0703527428811963
prediction_2025,api_shots_on,2184.0,5.152472527472527,6.842118043171864,0.0,0.0,0.0,3.0,7.0,19.0,62.0,2.409360092190347
prediction_2025,api_goals_total,2184.0,1.6236263736263736,2.679439443287194,0.0,0.0,0.0,1.0,2.0,7.0,32.0,3.135014323442384
prediction_2025,api_goals_conceded,2184.0,1.6726190476190477,7.520225366595257,0.0,0.0,0.0,0.0,0.0,9.0,68.0,5.027285796407518
prediction_2025,api_goals_assists,2184.0,1.1231684981684982,1.7060518071452626,0.0,0.0,0.0,0.0,2.0,4.0,18.0,2.781611276105765
prediction_2025,api_goals_saves,2184.0,3.5558608058608057,16.052810020852764,0.0,0.0,0.0,0.0,0.0,16.699999999999818,122.0,4.91598184763337
prediction_2025,api_passes_total,2184.0,539.6282051282051,466.6275955397166,0.0,19.0,157.75,420.0,818.5,1425.85,2745.0,1.0934000893533748
prediction_2025,api_passes_key,2184.0,11.356227106227106,12.96411155519907,0.0,0.0,2.0,7.0,16.0,38.0,109.0,1.9976169090969804
prediction_2025,api_tackles_total,2184.0,19.388736263736263,18.30350530414134,0.0,0.0,4.0,14.0,30.0,55.0,104.0,1.183681085237503
prediction_2025,api_tackles_blocks,2184.0,4.087454212454213,5.757836232346795,0.0,0.0,0.0,2.0,6.0,16.0,45.0,2.291169007165628
prediction_2025,api_tackles_interceptions,2184.0,10.102106227106226,10.843538711892664,0.0,0.0,1.0,6.0,16.0,32.0,63.0,1.3139035088490458
prediction_2025,api_duels_total,2184.0,116.18681318681318,90.96500457265554,0.0,4.0,37.0,102.5,176.0,282.8499999999999,492.0,0.7452642349581967
prediction_2025,api_duels_won,2184.0,58.26373626373626,47.17460130900258,0.0,2.0,17.0,48.0,90.0,147.0,270.0,0.8366479896610434
prediction_2025,api_dribbles_attempts,2184.0,17.252747252747252,21.220808501922253,0.0,0.0,3.0,10.0,24.0,59.84999999999991,244.0,2.643478083450489
prediction_2025,api_dribbles_success,2184.0,8.054487179487179,10.236115721299985,0.0,0.0,1.0,5.0,11.0,28.0,135.0,2.989728008931539
prediction_2025,api_dribbles_past,2184.0,8.210164835164836,8.097451976487735,0.0,0.0,2.0,6.0,12.0,24.0,54.0,1.516207707399676
prediction_2025,api_fouls_drawn,2184.0,13.447802197802197,13.22167409234516,0.0,0.0,3.0,9.0,20.0,40.0,104.0,1.6001131402393822
prediction_2025,api_fouls_committed,2184.0,14.217032967032967,12.015014396384082,0.0,0.0,4.0,12.0,22.0,37.0,74.0,0.9481141306539249
prediction_2025,api_cards_yellow,2184.0,2.3402014652014653,2.2761918104026453,0.0,0.0,0.0,2.0,4.0,7.0,11.0,1.079743555093696
prediction_2025,api_cards_red,2184.0,0.11446886446886446,0.34470192257889265,0.0,0.0,0.0,0.0,0.0,1.0,3.0,3.1082177394980266
prediction_2025,api_penalty_won,2184.0,0.13507326007326007,0.4232984521650279,0.0,0.0,0.0,0.0,0.0,1.0,4.0,3.730525398864729
prediction_2025,api_penalty_commited,2184.0,0.19184981684981686,0.45534185067954025,0.0,0.0,0.0,0.0,0.0,1.0,3.0,2.443233252461097
prediction_2025,api_penalty_scored,2184.0,0.1543040293040293,0.6634905207701723,0.0,0.0,0.0,0.0,0.0,1.0,10.0,6.156879015829414
prediction_2025,api_penalty_missed,2184.0,0.04624542124542125,0.23477868688606954,0.0,0.0,0.0,0.0,0.0,0.0,2.0,5.530229406709678
prediction_2025,api_penalty_saved,2184.0,0.033424908424908424,0.23500371015383104,0.0,0.0,0.0,0.0,0.0,0.0,3.0,8.296068374280601
prediction_2025,api_goals_total_per90,2184.0,0.12243223443223443,0.2636589764695508,0.0,0.0,0.0,0.039,0.173,0.5026999999999998,9.0,18.342302513836117
prediction_2025,api_goals_assists_per90,2184.0,0.08456501831501831,0.23317294041293696,0.0,0.0,0.0,0.0,0.122,0.3018499999999999,9.0,26.431692578424233
prediction_2025,api_shots_total_per90,2184.0,0.880988553113553,0.8454600925400299,0.0,0.0,0.27275000000000005,0.653,1.333,2.4457,9.0,1.847116026110779
prediction_2025,api_shots_on_per90,2184.0,0.4026703296703297,0.49649239696712155,0.0,0.0,0.0,0.2535,0.614,1.271,9.0,4.130763479140792
prediction_2025,api_passes_key_per90,2184.0,0.8650595238095238,0.8383562659779501,0.0,0.0,0.267,0.722,1.268,2.2290999999999994,11.25,3.107731736900357
prediction_2025,api_tackles_total_per90,2184.0,1.4826108058608058,1.1861849205256905,0.0,0.0,0.7985,1.402,1.998,3.135,16.364,3.6039487720543253
prediction_2025,api_duels_won_per90,2184.0,4.704891025641025,4.802777657437574,0.0,0.44460000000000005,3.4722500000000003,4.481999999999999,5.6585,8.0,180.0,25.083765536272598
prediction_2025,api_cards_yellow_per90,2184.0,0.18910622710622713,0.24461516267027464,0.0,0.0,0.0,0.1475,0.265,0.508,4.091,5.932639236997036
prediction_2025,api_cards_red_per90,2184.0,0.017370421245421243,0.2103576185492889,0.0,0.0,0.0,0.0,0.0,0.060849999999999904,8.182,31.013001511849463
prediction_2025,api_height,2184.0,183.0114468864469,6.686237971228429,163.0,172.0,178.0,183.0,188.0,193.8499999999999,205.0,-0.11351884149114423
prediction_2025,api_weight,2184.0,75.6923076923077,7.274388923124045,53.0,64.0,70.0,75.0,81.0,88.0,99.0,0.1223764963268225
prediction_2025,understat_season,2184.0,2526.0,0.0,2526.0,2526.0,2526.0,2526.0,2526.0,2526.0,2526.0,0.0
prediction_2025,understat_league_id,2184.0,2.9125457875457874,1.4045108021703874,1.0,1.0,2.0,3.0,4.0,5.0,5.0,0.08312045575960257
prediction_2025,understat_season_id,2184.0,2025.0,0.0,2025.0,2025.0,2025.0,2025.0,2025.0,2025.0,2025.0,0.0
prediction_2025,understat_team_id,2184.0,155.61813186813185,62.51269233277859,71.0,78.0,106.0,141.0,207.0,282.0,291.0,0.7298081943994317
prediction_2025,understat_player_id,2184.0,8750.67445054945,4082.1882169196297,40.0,856.9500000000002,6158.5,9545.5,12097.25,13938.85,14518.0,-0.5743687538580989
prediction_2025,understat_matches,2184.0,19.285714285714285,9.322189289029765,1.0,2.0,12.0,21.0,27.0,32.0,34.0,-0.41567223708640233
prediction_2025,understat_minutes,2184.0,1243.135989010989,840.3843242618684,1.0,50.0,506.25,1169.0,1905.0,2688.7,3060.0,0.24864889429011458
prediction_2025,understat_goals,2184.0,1.6918498168498168,2.7598667310615386,0.0,0.0,0.0,1.0,2.0,7.0,33.0,3.129479674064216
prediction_2025,understat_xg,2184.0,1.9452641201150116,2.8080868956086693,0.0,0.0,0.19966283719986674,0.9294599168933928,2.412125670351089,7.976663806475691,27.819826903752983,2.8772945286265594
prediction_2025,understat_np_goals,2184.0,1.5315934065934067,2.423338582031637,0.0,0.0,0.0,1.0,2.0,7.0,23.0,2.80537507866959
prediction_2025,understat_np_xg,2184.0,1.7869917471929804,2.4743816037690305,0.0,0.0,0.1978277943562716,0.90419354243204,2.2776802238076925,7.045364849269388,22.83725356310606,2.691124222013837
prediction_2025,understat_assists,2184.0,1.1671245421245422,1.7287416406617357,0.0,0.0,0.0,1.0,2.0,4.0,18.0,2.724165271488254
prediction_2025,understat_xa,2184.0,1.3557584863942844,1.6784729870475967,0.0,0.0,0.1375191882252693,0.7657954297028482,1.9589914851821957,4.798827216494826,16.364237682893872,2.384364877774512
prediction_2025,understat_shots,2184.0,15.782967032967033,17.377186701822808,0.0,0.0,3.0,11.0,22.0,52.84999999999991,117.0,1.9010998462801194
prediction_2025,understat_key_passes,2184.0,11.677197802197803,12.947963517618236,0.0,0.0,2.0,8.0,17.0,37.84999999999991,110.0,1.944865868896605
prediction_2025,understat_yellow_cards,2184.0,2.340659340659341,2.2148200960733653,0.0,0.0,1.0,2.0,4.0,7.0,11.0,1.0831357058494686
prediction_2025,understat_red_cards,2184.0,0.1163003663003663,0.3480590162202344,0.0,0.0,0.0,0.0,0.0,1.0,3.0,3.0913874672286648
prediction_2025,understat_xg_chain,2184.0,5.413577035080126,4.84594908162601,0.0,0.09748001853004097,1.803880729014054,4.20258510299027,7.6863449681550255,14.736331131868065,37.61556144058704,1.5247493575105375
prediction_2025,understat_xg_buildup,2184.0,3.2949282396013335,3.1259909693209966,0.0,0.03517911750823254,0.9052272222470491,2.5055454149842262,4.740900998469442,9.4908457653597,20.93739276379347,1.5795896760980432
prediction_2025,market_value_date,0.0,,,,,,,,,,
prediction_2025,transfermarkt_age_at_season,2184.0,24.668040293040292,4.369465177035701,15.0,18.0,21.0,24.0,27.0,32.0,40.0,0.35998452753450394
prediction_2025,matched_last_transfermarkt,2184.0,1.0,0.0,1.0,1.0,1.0,1.0,1.0,1.0,1.0,0.0
prediction_2025,matched_understat,2184.0,1.0,0.0,1.0,1.0,1.0,1.0,1.0,1.0,1.0,0.0
prediction_2025,matched_transfermarkt,2184.0,1.0,0.0,1.0,1.0,1.0,1.0,1.0,1.0,1.0,0.0
prediction_2025,player_season_duplicate_n,2184.0,0.0,0.0,0.0,0.0,0.0,0.0,0.0,0.0,0.0,0.0
prediction_2025,player_age,2184.0,24.668040293040292,4.369465177035701,15.0,18.0,21.0,24.0,27.0,32.0,40.0,0.35998452753450394
prediction_2025,player_age_sq,2184.0,627.5956959706959,223.71332925727992,225.0,324.0,441.0,576.0,729.0,1024.0,1600.0,0.7718821239464644
prediction_2025,age_peak_gap,2184.0,-2.331959706959707,4.369465177035701,-12.0,-9.0,-6.0,-3.0,0.0,5.0,13.0,0.35998452753450344
prediction_2025,is_u21,2184.0,0.2623626373626374,0.4400194727665432,0.0,0.0,0.0,0.0,1.0,1.0,1.0,1.081112057335253
prediction_2025,is_u23,2184.0,0.4258241758241758,0.49458057786348475,0.0,0.0,0.0,0.0,1.0,1.0,1.0,0.30022939168498824
prediction_2025,is_over30,2184.0,0.15384615384615385,0.36088384168080967,0.0,0.0,0.0,0.0,0.0,1.0,1.0,1.9201254663681635
prediction_2025,player_height_cm,2184.0,183.0114468864469,6.686237971228429,163.0,172.0,178.0,183.0,188.0,193.8499999999999,205.0,-0.11351884149114423
prediction_2025,player_weight_kg,2184.0,75.6923076923077,7.274388923124045,53.0,64.0,70.0,75.0,81.0,88.0,99.0,0.1223764963268225
prediction_2025,player_bmi,2184.0,22.567622933501184,1.3820979000134428,17.181669306558565,20.199469763918696,21.71806608974573,22.6421929718633,23.450918219051392,24.72518293294129,27.160493827160494,-0.1462800440220032
prediction_2025,api_avg_rating_missing,2184.0,0.004578754578754579,0.06752686458909057,0.0,0.0,0.0,0.0,0.0,0.0,1.0,14.686757536835742
prediction_2025,log_minutes,2184.0,6.632373375014363,1.2602094823359942,0.6931471805599453,4.02535169073515,6.1753469785548045,7.0192962536905625,7.530479995245536,7.870490559802032,8.026496938945412,-1.6724755492947119
prediction_2025,minutes_share_3420,2184.0,0.35140468693100274,0.24155499300850056,0.0002923976608187,0.0160818713450292,0.14027777777777772,0.3266081871345029,0.5447368421052632,0.765453216374269,0.8947368421052632,0.27545772418554026
prediction_2025,minutes_per_appearance,2184.0,58.88654405118333,23.247514640329516,1.0,15.25,42.25815217391305,62.239047619047625,79.32440476190476,90.0,90.25,-0.4641381723135595
prediction_2025,start_rate,2184.0,0.6413819768539475,0.3136198309343711,0.0,0.0,0.4285714285714285,0.7083333333333334,0.92,1.0,1.0,-0.6524515621590147
prediction_2025,minutes_per_start,2184.0,89.56220096754774,39.986823667337845,0.0,0.0,83.95404411764706,89.2807881773399,95.5,139.92499999999995,484.0,1.8227345927896783
prediction_2025,sub_appearance_rate,2184.0,0.3586180231460524,0.3136198309343712,0.0,0.0,0.08,0.2916666666666667,0.5714285714285714,1.0,1.0,0.6524515621590157
prediction_2025,understat_goals_per90,2184.0,0.13434481607553156,0.4330106335317354,0.0,0.0,0.0,0.043478301457024804,0.17382918978663656,0.5201186097139854,16.363636363636363,26.835170817504718
prediction_2025,understat_xg_per90,2184.0,0.16241734193241555,0.3324175609263283,0.0,0.0,0.0269384264090639,0.08259061372136339,0.21550688063688755,0.5600539306854926,12.321284521709789,23.189314498170507
prediction_2025,understat_np_goals_per90,2184.0,0.12434339814335744,0.4278174979011918,0.0,0.0,0.0,0.03896951957559585,0.1633764718099862,0.46329066140386893,16.363636363636363,27.854511073521504
prediction_2025,understat_np_xg_per90,2184.0,0.1523771656961366,0.32409103601844985,0.0,0.0,0.026353661407445578,0.07855578431142665,0.20422233934751272,0.5187202840340109,12.321284521709789,24.981835335354226
prediction_2025,understat_assists_per90,2184.0,0.12603082831957008,1.9312964451015349,0.0,0.0,0.0,0.0333333333333333,0.12164918696253588,0.3039617922035318,90.0,46.21238022731227
prediction_2025,understat_xa_per90,2184.0,0.11973924189692829,0.7589957504917245,0.0,0.0,0.01849247318963495,0.07103171735197725,0.14872290204993566,0.2930941273200976,34.07759964466094,41.777796626891146
prediction_2025,understat_shots_per90,2184.0,1.3011774145718147,1.3124662790615744,0.0,0.0,0.43329777541928327,0.9713052915795325,1.9156222675604782,3.505254462851635,16.363636363636363,3.035344950334723
prediction_2025,understat_key_passes_per90,2184.0,0.9680486929528109,2.8336895394317936,0.0,0.0,0.27665362375220476,0.7339954993404205,1.2949640287769784,2.237337428365533,90.0,28.522481054900492
prediction_2025,understat_xg_chain_per90,2184.0,0.4464447649293784,1.1720062750738642,0.0,0.06570165073516863,0.22237755094165537,0.35947077052999143,0.5301265137298334,0.9469997341385992,52.22792029380798,39.80435477089966
prediction_2025,understat_xg_buildup_per90,2184.0,0.2725964638207505,1.152604289404706,0.0,0.021091181095421407,0.1226017191838739,0.2023737419694408,0.311781757687283,0.5349982032882692,52.22792029380798,42.24220482513327
prediction_2025,shot_on_target_rate,2184.0,0.35739476429904793,0.26108089651447924,0.0,0.0,0.0,0.4,0.5239547038327527,0.75,1.0,0.1484749243007181
prediction_2025,goal_conversion_rate,2184.0,0.10376443276577668,0.13925014872950636,0.0,0.0,0.0,0.064516129032258,0.1777777777777777,0.3333333333333333,1.0,2.4361945078451277
prediction_2025,dribble_success_rate,2184.0,0.43057781904623316,0.2730363125065137,0.0,0.0,0.2857142857142857,0.45,0.5833333333333334,1.0,1.0,0.1001043251658264
prediction_2025,duel_win_rate,2184.0,0.505249352261666,0.16266344156539744,0.0,0.2777777777777778,0.4231966166613469,0.5,0.5737704918032787,0.8181818181818182,1.0,0.22507491837081875
prediction_2025,goals_minus_xg,2184.0,-0.2534143032651947,1.0997066214243536,-7.379306508228185,-1.9300787841901186,-0.6731917457655072,-0.1164936260320246,0.09405904752202328,1.324873531749471,5.180173096247017,-0.6339200268493088
prediction_2025,np_goals_minus_np_xg,2184.0,-0.2553983405995739,1.0848140094420806,-7.856708897277713,-1.9743694568052883,-0.6705907993018627,-0.12460943963378654,0.0860086630564181,1.3107128888834267,4.882157450541854,-0.5944479570763035
prediction_2025,assists_minus_xa,2184.0,-0.1886339442697422,0.9546993327411831,-5.260594099760056,-1.7520744665991512,-0.5991077008657157,-0.08609955105930564,0.09966659848578258,1.3798117411322888,5.81382304802537,-0.1494497373335349
prediction_2025,xg_xa_per90,2184.0,0.28215658382934394,0.8321589660220275,0.0,0.0,0.06969694622611287,0.1785554710801544,0.37447386774589236,0.739360783321539,34.07759964466094,32.6677282926105
prediction_2025,np_xg_xa_per90,2184.0,0.2721164075930649,0.8285238029611551,0.0,0.0,0.06938149998542499,0.17518552486234557,0.3570617262436345,0.7078776484714475,34.07759964466094,33.1268466471347
prediction_2025,goals_assists_per90,2184.0,0.20699725274725275,0.3665320772053709,0.0,0.0,0.0,0.118,0.313,0.6776999999999997,9.0,13.412774180172242
prediction_2025,cards_per90,2184.0,0.241219217817073,0.7073017608474208,0.0,0.0,0.03334259602321845,0.16252824983123476,0.29906286921341874,0.6428571428571429,24.545454545454547,24.774118795481996
prediction_2025,api_minutes_pos_season_pct,2184.0,0.5009157509157509,0.28872413657802504,0.0019329896907216,0.05002788104089219,0.2517969644902634,0.5006443298969072,0.7510191909707584,0.9522225788525658,1.0,-0.00024863851061321157
prediction_2025,api_avg_rating_pos_season_pct,2184.0,0.5009157509157509,0.2887395354632895,0.0012886597938144,0.05082223654066434,0.25096649484536077,0.5012886597938144,0.7512886597938144,0.9508762886597938,1.0,-2.5819118852451127e-06
prediction_2025,goals_assists_per90_pos_season_pct,2184.0,0.5009157509157509,0.27580953132215535,0.1115241635687732,0.1115241635687732,0.2097222222222222,0.47,0.7375,0.9511805555555554,1.0,0.13919699637191862
prediction_2025,xg_xa_per90_pos_season_pct,2184.0,0.5009157509157509,0.286713661745069,0.0154639175257731,0.04787371134020616,0.2694158075601374,0.49443411813300286,0.7510191909707584,0.9508762886597938,1.0,0.030725200865005138
prediction_2025,np_xg_xa_per90_pos_season_pct,2184.0,0.5009157509157509,0.286713661745069,0.0154639175257731,0.04787371134020616,0.2694158075601374,0.49443411813300286,0.7510191909707584,0.9508762886597938,1.0,0.030725196551146645
prediction_2025,understat_xg_chain_per90_pos_season_pct,2184.0,0.5009157509157509,0.2887382305162691,0.009020618556701,0.05097508591065291,0.2511988368527957,0.5006443298969072,0.7510191909707584,0.9508762886597938,1.0,0.00010440386014633085
prediction_2025,understat_xg_buildup_per90_pos_season_pct,2184.0,0.5009157509157509,0.28872929204597575,0.0135309278350515,0.047290950744558975,0.2511988368527957,0.5006443298969072,0.7510191909707584,0.9508762886597938,1.0,0.0004069722224022151
prediction_2025,api_tackles_total_per90_pos_season_pct,2184.0,0.5009157509157509,0.2856327096924111,0.0225515463917525,0.0585501858736059,0.2694158075601374,0.48817379182156134,0.7497490945847545,0.95,1.0,0.03836788296456645
prediction_2025,api_duels_won_per90_pos_season_pct,2184.0,0.5009157509157509,0.28872698292967197,0.0070876288659793,0.0533333333333333,0.2511988368527957,0.5009915521191295,0.7506443298969072,0.9498033476411298,1.0,0.0003252639724678671
prediction_2025,api_passes_key_per90_pos_season_pct,2184.0,0.5009157509157509,0.2862669205874053,0.0341494845360824,0.0694444444444444,0.2693250464684015,0.4923611111111111,0.7510191909707584,0.9508762886597938,1.0,0.03793889179291699
prediction_2025,shot_on_target_rate_pos_season_pct,2184.0,0.5009157509157509,0.27702334639122356,0.0613382899628252,0.0753865979381443,0.2512359636684168,0.5,0.7351804123711341,0.9482008877434134,1.0,0.0446638008684638
prediction_2025,duel_win_rate_pos_season_pct,2184.0,0.5009157509157509,0.2884999479436284,0.0070876288659793,0.0533333333333333,0.2534722222222222,0.5013387743413517,0.7527803593556381,0.9470047043268308,0.9987113402061856,-0.005253480258476461
